date_courbe;echeance;taux;code;libelle
2026-09-15;2026-11-16;0.0213;201946;BDT 18052026 2 21 26 semaines
2026-09-15;2027-01-18;0.02172;201953;BDT 20072026 2 16 26 semaines
2026-09-15;2027-02-15;0.0219;201958;BDT 17082026 2 16 26 semaines
2026-09-15;2027-03-01;0.02194;201959;BDT 31082026 2 16 26 semaines
2026-09-15;2027-03-15;0.02198;201882;BDT 15032025 2 65 2 ans
2026-09-15;2027-05-17;0.02215;201671;BDT du 17052022 a 2 00 5 ans
2026-09-15;2027-06-14;0.02223;201465;BDT 14062017 3 20  10 ans
2026-09-15;2027-07-19;0.02232;201892;BDT 19072025 2 65 2 ans
2026-09-15;2027-08-16;0.0224;201918;BDT 16082025 2 25 2 ans
2026-09-15;2027-09-20;0.0225;201913;BDT 20092025 2 20 2 ans
2026-09-15;2027-10-11;0.02262;201945;BDT 11102025 2 35 2 ans
2026-09-15;2028-01-17;0.02316;201926;BDT 170126 2 25 2 ans
2026-09-15;2028-04-17;0.02366;201804;BDT 17042023 3 23 5 ans
2026-09-15;2028-05-15;0.02382;201929;BDT 15052026 2 40 2 ans
2026-09-15;2028-07-17;0.02417;201935;BDT 17072026 2 45 2 ans
2026-09-15;2028-09-18;0.02452;201939;BDT 18092026 2 55 2 ans
2026-09-15;2028-10-16;0.02467;201941;BDT 16102026 2 5 2 ans
2026-09-15;2028-11-13;0.02483;201944;BDT 13112025 2 45 3 ans
2026-09-15;2029-04-16;0.02568;201317;BDT 160414 5 60
2026-09-15;2030-04-15;0.0277;201862;BDT 15072024 3 30 5 ans
2026-09-15;2030-06-17;0.02797;201552;BDT 17062020 2 70 a 10 ans
2026-09-15;2030-08-05;0.02819;201379;BDT 050815 4 00
2026-09-15;2031-04-14;0.02928;201919;BDT 14042026 2 40 5 ans
2026-09-15;2031-06-16;0.02955;201651;BDT du 16062021 2 30 10 ans
2026-09-15;2031-10-20;0.0301;201938;BDT 20102026 2 60 5 ans
2026-09-15;2032-04-19;0.03045;201949;BDT 19042026 2 80 6 ans
2026-09-15;2032-06-14;0.03056;201677;BDT du 14062022 2 40 a 10 ans
2026-09-15;2033-06-20;0.03128;201792;BDT 200623 4 20 10 ans
2026-09-15;2033-07-18;0.03134;201516;BDT 18072018 3 70 a 15 ans
2026-09-15;2034-03-31;0.03184;201328;BDT 310314 5 85
2026-09-15;2034-07-17;0.03205;201536;BDT 17072019 3 50 15 ans
2026-09-15;2034-09-18;0.03217;201837;BDT 18092024 4 00 10 ans
2026-09-15;2035-07-16;0.03278;201554;BDT 1607020 3 00 15 ans
2026-09-15;2036-02-04;0.0334;201386;BDT 040216 4 40
2026-09-15;2036-08-18;0.03399;201426;BDT 18082016 3 55 20 ans
2026-09-15;2036-12-04;0.03431;200802;BDT 041206 4 50
2026-09-15;2039-07-18;0.0372;201841;BDT 18072024 4 25 15 ans
2026-09-15;2044-08-15;0.0382;201836;BDT 15082024 4 60 20 ans
2026-09-15;2045-08-14;0.0384;201872;BDT 14082025 4 00 20 ans
2026-09-15;2045-08-21;0.03841;201898;BDT 21082025 3 40 20 ans
