code;quantite;spread
201946;60;
201953;220;
201940;400;
201958;345;
201959;1000;
201882;41;
201671;200;
201465;747;
201892;505;
201918;3104;
201913;1205;
201945;4257;
201926;1859;
201791;3306;
201929;428;
201935;1500;
201939;1000;
201941;115;
201944;1000;
201317;1147;
201862;2171;
201552;723;
201379;902;
201919;405;
201651;44;
201938;1600;
201949;4218;
201677;359;
201792;1380;
201516;551;
201328;2510;
201536;168;
201837;320;
201554;400;
201386;115;
201426;194;
200802;67;
201841;100;
201836;688;
201872;164;
201898;413;
