date;code;quantite;spread
2026-09-08;201946;60;
2026-09-08;201953;220;
2026-09-08;201940;400;
2026-09-08;201958;345;
2026-09-08;201959;1000;
2026-09-08;201882;41;
2026-09-08;201671;200;
2026-09-08;201465;747;
2026-09-08;201892;505;
2026-09-08;201918;3104;
2026-09-08;201913;1205;
2026-09-08;201945;4257;
2026-09-08;201926;1859;
2026-09-08;201791;3306;
2026-09-08;201929;428;
2026-09-08;201935;1500;
2026-09-08;201939;1000;
2026-09-08;201941;115;
2026-09-08;201944;1000;
2026-09-08;201317;1147;
2026-09-08;201862;2171;
2026-09-08;201552;723;
2026-09-08;201379;902;
2026-09-08;201919;405;
2026-09-08;201651;44;
2026-09-08;201938;1600;
2026-09-08;201949;4218;
2026-09-08;201677;359;
2026-09-08;201792;1380;
2026-09-08;201516;551;
2026-09-08;201328;2510;
2026-09-08;201536;168;
2026-09-08;201837;320;
2026-09-08;201554;400;
2026-09-08;201386;115;
2026-09-08;201426;194;
2026-09-08;200802;67;
2026-09-08;201841;100;
2026-09-08;201836;688;
2026-09-08;201872;164;
2026-09-08;201898;413;
